{
  "accuracy": 0.7041666666666667,
  "precision": 0.6912442396313364,
  "recall": 0.6666666666666666,
  "f1_score": 0.6787330316742082,
  "roc_auc": 0.7691154684095861
}